Feature,Dependencies,Technical Risks,Mitigation Strategy,External Services Required,Estimated Integration Time (days)
Multi-tenancy,Database Design,Data leakage between tenants,Rigorous testing; Row-level security; Middleware validation,None,5
Authentication,None,Security vulnerabilities,Use proven libraries (Passport.js/JWT); Security audit,None,3
Payment Gateway,Invoice Generation,PCI compliance; Transaction failures,Use Stripe/PayPal SDKs; Implement webhooks for reliability,Stripe/PayPal,3-5
Email Notifications,Email Service Setup,Email deliverability; Spam filters,Use reputable provider; SPF/DKIM setup; Template testing,SendGrid/Mailgun,2-3
SMS Notifications,SMS Service Setup,High cost per message; Delivery failures,Message queuing; Retry logic; Cost monitoring,Twilio,2
Availability Calendar,Database Design; Fleet Management,Performance with large datasets; Race conditions,Database indexing; Optimistic locking; Caching,None,5-7
Online Booking,Payment Gateway; Availability Calendar,Double booking; Payment failures,Transaction locks; Idempotency keys; Rollback mechanisms,None,5
GPS Tracking,Fleet Management,Real-time data accuracy; API costs,Batch updates; Cost optimization; Fallback to manual,Third-party Telematics API,10-15
E-Signature,Document Management,Legal validity; Cross-browser compatibility,Use established e-sign library; Legal review; Browser testing,DocuSign API or Canvas signature,5-7
Document Upload,File Storage,File size limits; Security (malware),File type validation; Virus scanning; Size limits; Secure storage,AWS S3/DigitalOcean Spaces,3
Mobile Apps,Customer Portal API,Platform fragmentation; Maintenance overhead,React Native for cross-platform; API-first design,None (if React Native),30-40
Accounting Integration,Expense Tracking; Invoicing,API version changes; Data mapping complexity,Use official SDKs; Version pinning; Comprehensive testing,QuickBooks/Xero API,10-15
Automated ID Verification,Document Upload,OCR accuracy; Privacy concerns,Use reputable service; Manual fallback; GDPR compliance,Third-party OCR/KYC service,7-10
Dynamic Pricing,Historical Data; Pricing Rules,Algorithm accuracy; Business logic complexity,Start simple; A/B testing; Override capability,None (unless ML service),15-20
Public API,All core modules,API versioning; Rate limiting; Security,OAuth2; API versioning strategy; Comprehensive docs; Rate limiting,None,10-15
Multi-location,Company Profile; Fleet Management,Data synchronization; Location-based logic,Centralized inventory; Location-aware queries,None,8-12
Loyalty Program,Customer Analytics; Payment,Complex redemption logic; Point calculation accuracy,Clear business rules; Audit trail; Manual adjustment capability,None,10-15